{
  "swagger" : "2.0",
  "info" : {
    "title" : "customerinfo",
    "version" : "1.0.0",
    "description" : "customerinfo"
  },
  "paths" : {
    "/{id}" : {
      "get" : {
        "operationId" : "getId",
        "responses" : {
          "200" : {
            "description" : "The operation was successful.",
            "schema" : {
              "type" : "string"
            }
          }
        },
        "produces" : [ "application/json" ],
        "description" : "Retrieve id",
        "parameters" : [ {
          "required" : true,
          "name" : "id",
          "in" : "path",
          "type" : "string"
        } ]
      }
    }
  },
  "basePath" : "/customerinfo/v1",
  "definitions" : {
    "Customer" : {
      "type" : "object",
      "properties" : {
        "Customerid" : {
          "type" : "string"
        },
        "FirstName" : {
          "type" : "string"
        },
        "LastName" : {
          "type" : "string"
        },
        "gender" : {
          "type" : "string"
        },
        "Country" : {
          "type" : "string"
        },
        "Age" : {
          "type" : "string"
        },
        "Date" : {
          "type" : "string"
        }
      }
    }
  }
}